red
orange
yellow
purple
green
blue 
aqua
maroon
(color)
Acid green
Aero (color) Aero
Aero blue
African violet (color) African violet
Air superiority blue
Alabama crimson
Alice blue
Alizarin crimson (color) Alizarin crimson
Alloy orange
Almond (color) Almond
Amaranth (color) Amaranth
Amaranth (color)Amaranth deep purple Amaranth deep purple
Amaranth (color)Amaranth pink Amaranth pink
Amaranth (color)Amaranth purple Amaranth purple
Amaranth (color) Amaranth red
Amazon (color) Amazon
Amber (color) Amber
American rose
Amethyst (color) Amethyst
Android green
Anti-flash white
Antique brass
Antique bronze
Antique fuchsia
Antique ruby
Antique white
Apple green
Apricot (color) Apricot
Aqua (color) Aqua
Aquamarine (color) Aquamarine
Lime (color)Arctic Lime Arctic lime
Army green
Artichoke (color) Artichoke
Arylide yellow
Ash grey
Asparagus (color) Asparagus
Atomic tangerine
Auburn (color) Auburn
Aureolin
AuroMetalSaurus
Avocado (color) Avocado
Azure (color) Azure
Azure mist
White Azureish white
Baby blue
Baby blueBaby blue eyes Baby blue eyes
Shades of pinkBaby pink Baby pink
Shades of whiteBaby powder Baby powder
Baker-Miller Pink Baker-Miller pink
Baker-Miller Pink Baker-Miller pink
List of Crayola colored pencil colorsStandard colors Ball blue
List of Crayola crayon colorsStandard colors Banana Mania
Shades of yellowBanana yellow Banana yellow
Shades of greenBottle green Bangladesh green
Variations of pinkBarbie pink Barbie pink
Shades of redBarn red Barn red
Battleship grey
Rose (color)Bazaar Bazaar
Baby blueBeau blue Beau blue
Variations of brownBeaver Beaver
Beige
Sapphire (color)B'dazzled blue Bdazzled blue
Ruby (color)Big dip o'ruby Big dip oruby
X11 color namesColor name charts Bisque
Bistre
BistreBistre brown Bistre brown
Lemon (color)Bitter lemon Bitter lemon
Lime (color) Bitter lime
Battleship grey
Rose (color)Bazaar Bazaar
Baby blueBeau blue Beau blue
Variations of brownBeaver Beaver
Beige
Sapphire (color)Blue sapphire Blue sapphire
IndigoDeep indigo (web color blue-violet) Blue-violet
Air Force blueBlue yonder Blue yonder
List of Crayola crayon colorsMagic Scent Blueberry
Bluebonnet (plant) Bluebonnet
Red-violetBlush Blush
Bole (color) Bole
Bondi blue
Shades of whiteBone Bone
CrimsonBoston_University_Red Boston University Red
Shades of greenBottle green Bottle green
Boysenberry (color) Boysenberry
Brandeis blue
Brass
List of Crayola crayon colorsStandard colors Brick red
CeruleanBright cerulean Bright cerulean
Shades of greenBright green Bright green
Lavender (color)Bright lavender (light floral lavender) (lavender bandana) Bright lavender
Lilac (color)Bright lilac Bright lilac
Maroon (color)Bright maroon Bright maroon
Navy blueBright navy blue Bright navy blue
Shades of pinkBright pink Bright pink
Turquoise (color)Bright Turquoise Bright turquoise
Lavender (color)Bright be Bright ube
Azure (color) Brilliant azure
Lavender (color)Brilliant lavender (electric lavender) Brilliant lavender
Rose (color)Brilliant rose Brilliant rose
Rose (color)Brink pink Brink pink
British racing green
Bronze (color) Bronze
List of Crayola colored pencil colorsStandard colors Bronze Yellow
Variations of brownBrown-nose Brown-nose
Shades of greenBrunswick green Brunswick green
List of Crayola colored pencil colorsStandard colors Bubble gum
Baby blueBubbles Bubbles
Buff (colour) Buff
Spring budBud green Bud green
Rose (color)Bulgarian Rose Bulgarian rose
Burgundy (color) Burgundy
X11 color namesColor name charts Burlywood
Shades of orangeBurnt orange Burnt orange
Burnt sienna
Burnt umber
Byzantium (color)Byzantine Byzantine
Byzantium (color) Byzantium
Cadet Grey
Cadet blue
Cadmium pigments Cadmium green
Cadmium pigments Cadmium orange
Cadmium pigments Cadmium red
Cadmium pigments Cadmium yellow
Coffee (color)Cafe au Lait Cafe au lait
Coffee (color)Cafe Noir Cafe noir
Shades of greenCal Poly green Cal Poly green
Cambridge Blue (colour) Cambridge Blue
Camel (color)Camel Camel
Shades of pinkCameo pink Cameo pink
Chartreuse (color)Camouflage green Camouflage green
Shades of yellowYellow (CMYK) (process yellow) (canary yellow) Canary yellow
Candy apple red (color) Candy apple red
Candy apple red (color)Candy pink Candy pink
Deep sky blue Capri
Caput mortuum
Cardinal (color) Cardinal
Spring greenCaribbean green Caribbean green
Carmine (color) Carmine
Carmine (color)Carmine pink Carmine pink
Carmine (color)Carmine Red Carmine red
Carnation pink
Carnelian (color) Carnelian
Carolina blue
Shades of orangeCarrot orange Carrot orange
Shades of greenCastleton green Castleton green
Shades of blueCatalina blue Catalina blue
Catawba (grape)Catawba (color) Catawba
List of Crayola crayon colorsMagic Scent Cedar Chest
Variations of blueCeil Ceil
Shades of greenCeladon Celadon
Celadon (color)Celadon Blue Celadon blue
Shades of greenCeladon green Celadon green
Sky BlueCeleste Celeste
Azure (color)Celestial blue Celestial blue
Cerise (color) Cerise
Cerise (color)Cerise pink Cerise pink
Cerulean
CeruleanCerulean blue Cerulean blue
CeruleanCerulean frost Cerulean frost
CG Blue
CG Red
Chamoisee
Champagne (color)Champagne Champagne
Charcoal (color) Charcoal
Shades of black (colors)Charleston green Charleston green
Shades of pinkCharm pink Charm pink
Cerise (color) Cherry
Shades of pinkCherry blossom pink Cherry blossom pink
Chestnut (color) Chestnut
Shades of pinkChina pink China pink
Rose (color)China rose China rose
VermilionChinese red 2 Chinese red
Shades of violetChinese violet Chinese violet
Chrome yellow
Cinereous
Vermilion Cinnabar
Cinnamon
Citrine (colour) Citrine
Lemon (color)Citron Citron
Wine (color)Claret Claret
Rose (color)Classic rose Classic rose
Cobalt blue Cobalt Blue
Chocolate (color)Variations of chocolate Cocoa brown
List of Crayola crayon colorsMagic Scent Coconut
Coffee (color) Coffee
Columbia Blue
Shades of pinkCongo pink Congo pink
Cool Black
Cool grey
Copper (color) Copper
Copper (color)Copper penny Copper penny
Copper (color)Copper red Copper red
Copper (color)Copper rose Copper rose
Coquelicot
Coral (color) Coral
Coral (color)Coral pink Coral pink
Coral (color)Coral red Coral red
Cordovan (color) Cordovan
Corn (color) Corn
Shades of redCornell Red Cornell Red
Cornflower blue
Shades of whiteCornsilk Cornsilk
Cosmic latte
Coyote brown
Variations of pinkCotton candy Cotton candy
Cream (colour) Cream
Crimson
CrimsonCrimson glory Crimson glory
Crimson Crimson red
Cyan
Shades of cyan Cyan azure
Shades of cyan Cyan-blue azure
Shades of cyan Cyan cobalt blue
Shades of cyan Cyan cornflower blue
List of Crayola crayon colorsMetallic FX Cyber grape
Shades of yellowCyber yellow Cyber yellow
Shades of yellowDaffodil Daffodil
Shades of yellowDandelion Dandelion
Shades of blueDark blue Dark blue
Blue-grayDark blue-gray Dark blue-gray
Variations of brownDark brown Dark brown
Variations of brown Dark brown-tangelo
Byzantium (color)Dark byzantium Dark byzantium
Candy apple red (color)Dark candy apple red Dark candy apple red
CeruleanDark cerulean Dark cerulean
Chestnut (color)Dark chestnut Dark chestnut
Coral (color)Dark coral Dark coral
Variations of cyanDark cyan Dark cyan
Electric blue (color)Dark electric blue Dark electric blue
Goldenrod (color)Dark goldenrod Dark goldenrod
Shades of greenDark green Dark green
Shades of greyDark Gunmetal Dark gunmetal
IndigoDark imperial blue Dark imperial blue
IndigoDark imperial blue Dark imperial blue
Jungle greenDark jungle green Dark jungle green
Khaki (color)Dark khaki Dark khaki
Lava (color)Dark lava Dark lava
Lavender (color)Dark lavender Dark lavender
Liver (color)Dark liver (web) Dark liver
Variations of magentaDark magenta Dark magenta
Variations of grayDark medium gray (dark gray (X11)) Dark medium gray
Midnight blueDark midnight blue Dark midnight blue
Moss greenDark moss green Dark moss green
Olive (color)Dark olive green Dark olive green
Shades of orangeDark orange (web color) Dark orange
Orchid (color)Dark orchid Dark orchid
Shades of blueDark pastel blue Dark pastel blue
Shades of greenDark pastel green Dark pastel green
Shades of purpleDark pastel purple Dark pastel purple
Shades of redDark pastel red Dark pastel red
Variations of pinkDark pink Dark pink
Powder blueDark powder blue Dark powder blue
PuceDark puce Dark puce
Dark purple
Raspberry (color)Dark raspberry Dark raspberry
Maroon (color)Dark red Dark red
Salmon (color)Dark salmon Dark salmon
Scarlet (color)Dark scarlet Dark scarlet
X11 color namesColor name charts Dark sea green
Sienna Dark sienna
Sky blueDark sky blue Dark sky blue
X11 color namesColor name charts Dark slate blue
Slate grayDark slate gray Dark slate gray
Spring greenDark spring green Dark spring green
Tan (color)Dark tan Dark tan
Shades of orangeDark tangerine Dark tangerine
TaupeDark taupe Dark taupe
TerracottaDark terra cotta Dark terra cotta
Turquoise (color)Dark Turquoise Dark turquoise
Vanilla (color)Dark vanilla Dark vanilla
Shades of violetPigment violet (web color dark violet) Dark violet
YellowDark yellow Dark yellow
Shades of greenDartmouth green Dartmouth green
Davy's grey
ebian Debian red
Aquamarine (color) Deep aquamarine
Carmine (color)Deep carmine Deep carmine
Carmine (color)Deep Carmine Pink Deep carmine pink
Shades of orangeDeep carrot orange Deep carrot orange
Cerise (color)Deep cerise Deep cerise
Champagne (color)Deep champagne Deep champagne
Chestnut (color)Deep chestnut Deep chestnut
Coffee (color)Deep coffee Deep coffee
Fuchsia (color)Deep fuchsia Deep fuchsia
Deep Green
Shades of cyan Deep green-cyan turquoise
Jungle greenDeep jungle green Deep jungle green
Lemon (color)Deep lemon Deep lemon
Lilac (color)Deep lilac Deep lilac
MagentaDeep magenta Deep magenta
Maroon (color) Deep maroon
MauveFrench mauve (deep mauve) Deep mauve
Moss greenDeep moss green Deep moss green
Peach (color)Deep peach Deep peach
Shades of pinkDeep pink Deep pink
PuceDeep puce Deep puce
Deep Red
Ruby (color)Deep ruby Deep ruby
Saffron (color)India saffron and deep saffron Deep saffron
Sky blueDeep sky blue Deep sky blue
List of Crayola crayon colorsMetallic FX Deep Space Sparkle
Spring bud Deep spring bud
TaupeDeep taupe Deep Taupe
Tuscan redDeep Tuscan red Deep Tuscan red
Violet (color) Deep violet
Variations of brownDeer Deer
List of Crayola crayon colorsStandard colors Denim
Shades of cyan Desaturated cyan
Desert sand (color)Desert Desert
Desert sand (color) Desert sand
Shades of redDesire Desire
Shades of blueDiamond Diamond
GreyWeb colors Dim gray
List of Crayola crayon colorsMagic Scent Dirt
Dodger blue
Rose (color)Dogwood rose Dogwood rose
List of Crayola colored pencil colorsStandard colors Dollar bill
Shades of brown Donkey brown
Desert sand (color)Sand dune (Drab) Drab
Duke blue
Variations of grayDust storm Dust storm
Shades of whiteDutch white Dutch white
Desert sand (color)Earth yellow Earth yellow
Shades of black (colors)Ebony Ebony
Ecru
Shades of blackEerie black Eerie black
Eggplant (color) Eggplant
Eggshell (color) Eggshell
Egyptian blue
Electric blue (color) Electric blue
CrimsonElectric crimson Electric crimson
Cyan Electric cyan
Electric green
IndigoElectric indigo Electric indigo
Lavender (color)Brilliant lavender (electric lavender) Electric lavender
Lime (color)Electric lime Electric lime
Shades of purpleElectric purple: 2000s Electric purple
UltramarineElectric ultramarine Electric ultramarine
Shades of violetElectric violet Electric violet
Shades of yellowElectric yellow Electric yellow
Shades of greenEmerald Emerald
Shades of purpleEminence Eminence
Shades of greenBrunswick green English green
Lavender (color)English lavender English lavender
Indian red (color)English red English red
Shades of violetEnglish violet English violet
Eton blueEton blue Eton blue
List of Crayola crayon colorsMagic Scent Eucalyptus
Fallow (color) Fallow
Falu red
Fuchsia (color)Fandango Fandango
Variations of pinkFandango pink Fandango pink
Fuchsia (color)Fashion fuchsia Fashion fuchsia
Fawn (colour) Fawn
Shades of greenFeldgrau Feldgrau
Feldspar
Shades of greenFern green Fern green
Ferrari Ferrari Red
Desert sand (color)Field drab Field drab
X11 color namesColor name charts Firebrick
Fire engine red
Flame (color) Flame
Flamingo Flamingo pink
BrownBrown-nose Flattery
Buff (colour)Flavescent Flavescent
Flax (color) Flax
Red-violetFlirt Flirt
Shades of whiteFloral white Floral white
List of Crayola colored pencil colorsTwistables Fluorescent orange
List of Crayola colored pencil colorsTwistables Fluorescent pink
List of Crayola colored pencil colorsTwistables Fluorescent yellow
CrimsonFolly Folly
BeigeFrench beige French beige
BistreFrench bistre French bistre
Azure (color)French blue French blue
